"dollars","congratulations","Predictions"
"1",0,1,1
"2",1,1,1
"3",1,0,1
"4",0,0,1
"5",0,0,1
"6",0,0,1
"7",0,0,1
"8",1,0,1
"9",1,1,1
"10",0,0,1
"11",0,1,1
"12",0,0,1
"13",0,0,1
"14",0,0,1
"15",0,1,1
"16",0,0,1
"17",1,1,1
"18",0,0,1
"19",0,0,1
"20",0,0,1
"21",0,0,1
"22",0,0,1
"23",1,0,1
"24",0,0,1
"25",0,0,1
"26",0,1,1
"27",0,0,1
"28",0,0,1
"29",0,1,1
"30",0,1,1
"31",1,0,1
"32",0,0,1
"33",0,0,1
"34",0,0,1
"35",0,0,1
"36",1,1,1
"37",1,0,1
"38",1,0,1
"39",0,1,1
"40",1,1,1
"41",1,1,1
"42",0,1,1
"43",1,1,1
"44",0,0,1
"45",0,0,1
"46",0,0,1
"47",0,1,1
"48",0,1,1
"49",1,0,1
"50",0,0,1
"51",0,1,1
"52",1,1,1
"53",1,0,1
"54",0,0,1
"55",1,0,1
"56",0,0,1
"57",0,1,1
"58",0,1,1
"59",0,1,1
"60",0,0,1
"61",0,1,1
"62",0,0,1
"63",0,0,1
"64",0,1,1
"65",0,0,1
"66",0,1,1
"67",0,0,1
"68",0,1,1
"69",1,1,1
"70",0,0,1
"71",0,1,1
"72",1,1,1
"73",1,1,1
"74",1,1,1
"75",1,0,1
"76",0,1,1
"77",0,1,1
"78",0,0,1
"79",0,0,1
"80",0,0,1
"81",0,0,1
"82",0,0,1
"83",0,0,1
"84",0,0,1
"85",0,0,1
"86",0,0,1
"87",0,0,1
"88",0,0,1
"89",0,0,1
"90",0,0,1
"91",1,1,1
"92",1,1,1
"93",0,0,1
"94",1,1,1
"95",1,1,1
"96",0,1,1
"97",0,0,1
"98",1,0,1
"99",1,0,1
"100",0,0,1
"101",0,0,1
"102",0,0,1
"103",0,0,1
"104",0,0,1
"105",0,1,1
"106",1,0,1
"107",0,0,1
"108",0,0,1
"109",0,0,1
"110",0,0,1
"111",0,1,1
"112",1,0,1
"113",0,0,1
"114",1,0,1
"115",0,1,1
"116",0,0,1
"117",0,0,1
"118",0,0,1
"119",0,0,1
"120",0,0,1
"121",1,0,1
"122",0,0,1
"123",1,1,1
"124",0,1,1
"125",1,0,1
"126",1,0,1
"127",0,0,1
"128",0,1,1
"129",0,1,1
"130",0,0,1
"131",1,0,1
"132",1,0,1
"133",0,0,1
"134",0,0,1
"135",0,0,1
"136",1,0,1
"137",0,1,1
"138",0,0,1
"139",1,1,1
"140",1,1,1
"141",1,0,1
"142",0,0,1
"143",0,0,1
"144",0,1,1
"145",0,0,1
"146",1,0,1
"147",0,0,1
"148",0,1,1
"149",0,1,1
"150",0,0,1
"151",1,0,1
"152",1,0,1
"153",1,0,1
"154",0,1,1
"155",0,0,1
"156",1,0,1
"157",0,0,1
"158",0,0,1
"159",0,0,1
"160",1,1,1
"161",1,1,1
"162",1,0,1
"163",0,0,1
"164",1,1,1
"165",0,0,1
"166",0,0,1
"167",1,1,1
"168",0,0,1
"169",1,0,1
"170",0,1,1
"171",0,0,1
"172",0,0,1
"173",1,1,1
"174",0,0,1
"175",1,1,1
"176",0,0,1
"177",0,0,1
"178",1,0,1
"179",0,1,1
"180",0,0,1
"181",0,0,1
"182",0,1,1
"183",0,0,1
"184",0,0,1
"185",0,1,1
"186",0,0,1
"187",0,0,1
"188",1,1,1
"189",1,1,1
"190",1,1,1
"191",0,0,1
"192",0,0,1
"193",0,0,1
"194",0,1,1
"195",1,1,1
"196",1,1,1
"197",1,1,1
"198",0,0,1
"199",1,1,1
"200",0,0,1
"201",0,1,1
"202",0,1,1
"203",0,0,1
"204",0,1,1
"205",0,1,1
"206",0,1,1
"207",0,1,1
"208",0,0,1
"209",1,0,1
"210",0,0,1
"211",0,0,1
"212",0,0,1
"213",1,0,1
"214",1,1,1
"215",1,1,1
"216",1,1,1
"217",0,1,1
"218",0,0,1
"219",0,0,1
"220",1,0,1
"221",1,0,1
"222",0,1,1
"223",1,0,1
"224",1,1,1
"225",0,1,1
"226",1,0,1
"227",0,0,1
"228",0,0,1
"229",0,0,1
"230",0,1,1
"231",0,0,1
"232",1,0,1
"233",0,1,1
"234",0,0,1
"235",0,0,1
"236",0,0,1
"237",0,1,1
"238",0,1,1
"239",0,0,1
"240",0,0,1
"241",0,0,1
"242",0,0,1
"243",0,0,1
"244",0,1,1
"245",0,0,1
"246",0,0,1
"247",0,0,1
"248",1,0,1
"249",0,0,1
"250",1,0,1
"251",0,0,1
"252",0,0,1
"253",0,0,1
"254",0,0,1
"255",1,0,1
"256",1,0,1
"257",1,1,1
"258",0,0,1
"259",1,0,1
"260",0,0,1
"261",0,0,1
"262",0,0,1
"263",0,0,1
"264",1,0,1
"265",0,0,1
"266",0,0,1
"267",1,0,1
"268",0,0,1
"269",0,0,1
"270",0,0,1
"271",0,0,1
"272",1,0,1
"273",0,0,1
"274",0,0,1
"275",1,1,1
"276",0,0,1
"277",0,0,1
"278",0,1,1
"279",0,0,1
"280",1,0,1
"281",0,0,1
"282",1,0,1
"283",1,0,1
"284",1,1,1
"285",0,0,1
"286",0,0,1
"287",1,1,1
"288",0,0,1
"289",0,0,1
"290",0,0,1
"291",0,0,1
"292",1,0,1
"293",0,0,1
"294",1,0,1
"295",0,0,1
"296",1,1,1
"297",0,0,1
"298",1,0,1
"299",0,0,1
"300",1,0,1
"301",1,1,1
"302",0,0,1
"303",0,0,1
"304",1,0,1
"305",1,0,1
"306",0,0,1
"307",1,1,1
"308",0,0,1
"309",1,0,1
"310",1,1,1
"311",1,0,1
"312",0,0,1
"313",0,1,1
"314",0,0,1
"315",0,0,1
"316",0,0,1
"317",0,0,1
"318",0,0,1
"319",0,0,1
"320",0,0,1
"321",0,0,1
"322",0,0,1
"323",0,0,1
"324",0,0,1
"325",0,0,1
"326",1,0,1
"327",0,1,1
"328",1,0,1
"329",1,1,1
"330",1,1,1
"331",0,0,1
"332",0,0,1
"333",0,0,1
"334",0,0,1
"335",0,0,1
"336",0,0,1
"337",0,0,1
"338",0,0,1
"339",0,0,1
"340",0,0,1
"341",1,1,1
"342",0,1,1
"343",0,0,1
"344",0,0,1
"345",0,0,1
"346",0,0,1
"347",0,0,1
"348",0,0,1
"349",0,0,1
"350",0,0,1
"351",0,0,1
"352",0,0,1
"353",0,0,1
"354",0,0,1
"355",1,0,1
"356",1,1,1
"357",1,0,1
"358",0,0,1
"359",0,0,1
"360",1,1,1
"361",1,0,1
"362",0,1,1
"363",1,0,1
"364",0,0,1
"365",0,1,1
"366",0,0,1
"367",0,1,1
"368",1,1,1
"369",0,0,1
"370",0,0,1
"371",0,1,1
"372",0,0,1
"373",1,1,1
"374",0,0,1
"375",0,1,1
"376",0,0,1
"377",1,1,1
"378",1,1,1
"379",0,0,1
"380",0,0,1
"381",0,0,1
"382",0,1,1
"383",1,0,1
"384",0,0,1
"385",1,1,1
"386",1,1,1
"387",0,0,1
"388",1,0,1
"389",0,0,1
"390",1,1,1
"391",0,0,1
"392",0,0,1
"393",1,0,1
"394",0,0,1
"395",0,1,1
"396",1,0,1
"397",0,0,1
"398",0,1,1
"399",0,0,1
"400",0,0,1
"401",1,1,1
"402",1,1,1
"403",0,0,1
"404",0,1,1
"405",0,1,1
"406",1,1,1
"407",0,1,1
"408",0,0,1
"409",0,0,1
"410",0,1,1
"411",0,1,1
"412",0,1,1
"413",0,0,1
"414",1,1,1
"415",0,0,1
"416",0,0,1
"417",1,0,1
"418",1,0,1
"419",1,1,1
"420",1,1,1
"421",1,1,1
"422",1,1,1
"423",0,0,1
"424",0,0,1
"425",0,0,1
"426",1,1,1
"427",0,0,1
"428",0,0,1
"429",1,1,1
"430",0,0,1
"431",0,0,1
"432",0,0,1
"433",1,1,1
"434",1,1,1
"435",1,0,1
"436",0,0,1
"437",0,1,1
"438",1,1,1
"439",1,0,1
"440",1,1,1
"441",1,1,1
"442",1,1,1
"443",0,0,1
"444",0,0,1
"445",0,0,1
"446",0,0,1
"447",0,0,1
"448",0,0,1
"449",0,0,1
"450",0,0,1
"451",1,1,1
"452",0,0,1
"453",0,0,1
"454",0,1,1
"455",1,0,1
"456",1,1,1
"457",0,0,1
"458",1,0,1
"459",0,0,1
"460",0,0,1
"461",0,0,1
"462",1,1,1
"463",0,0,1
"464",0,1,1
"465",0,1,1
"466",0,1,1
"467",0,0,1
"468",1,0,1
"469",0,0,1
"470",0,0,1
"471",0,1,1
"472",1,1,1
"473",1,0,1
"474",1,0,1
"475",0,1,1
"476",1,0,1
"477",0,1,1
"478",0,0,1
"479",1,1,1
"480",0,1,1
"481",0,0,1
"482",0,0,1
"483",1,0,1
"484",0,1,1
"485",1,1,1
"486",0,0,1
"487",1,1,1
"488",0,1,1
"489",1,0,1
"490",1,0,1
"491",0,0,1
"492",0,0,1
"493",0,0,1
"494",0,0,1
"495",0,0,1
"496",0,1,1
"497",1,1,1
"498",1,1,1
"499",1,1,1
"500",0,0,1
"501",0,0,1
"502",0,1,1
"503",1,1,1
"504",0,0,1
"505",1,1,1
"506",0,1,1
"507",1,1,1
"508",0,0,1
"509",0,0,1
"510",0,1,1
"511",0,0,1
"512",0,0,1
"513",0,0,1
"514",1,0,1
"515",1,0,1
"516",0,1,1
"517",1,1,1
"518",1,1,1
"519",0,0,1
"520",0,0,1
"521",0,0,1
"522",1,0,1
"523",1,0,1
"524",0,0,1
"525",0,0,1
"526",0,0,1
"527",0,1,1
"528",0,0,1
"529",0,0,1
"530",0,0,1
"531",0,1,1
"532",1,1,1
"533",0,1,1
"534",0,0,1
"535",0,0,1
"536",0,0,1
"537",0,1,1
"538",0,0,1
"539",1,1,1
"540",0,0,1
"541",0,1,1
"542",1,1,1
"543",0,1,1
"544",0,1,1
"545",1,0,1
"546",0,0,1
"547",0,0,1
"548",0,0,1
"549",0,0,1
"550",0,0,1
"551",0,0,1
"552",1,1,1
"553",1,0,1
"554",1,0,1
"555",0,0,1
"556",0,0,1
"557",0,1,1
"558",0,0,1
"559",1,0,1
"560",1,1,1
"561",0,1,1
"562",1,1,1
"563",0,1,1
"564",1,0,1
"565",0,0,1
"566",0,1,1
"567",1,1,1
"568",1,1,1
"569",0,0,1
"570",0,0,1
"571",1,0,1
"572",0,0,1
"573",1,1,1
"574",1,0,1
"575",0,0,1
"576",0,0,1
"577",1,1,1
"578",1,1,1
"579",1,1,1
"580",1,0,1
"581",0,0,1
"582",1,0,1
"583",0,0,1
"584",1,0,1
"585",1,1,1
"586",1,1,1
"587",0,0,1
"588",1,0,1
"589",0,0,1
"590",0,0,1
"591",0,1,1
"592",0,0,1
"593",1,0,1
"594",0,0,1
"595",0,0,1
"596",0,0,1
"597",0,0,1
"598",1,1,1
"599",1,0,1
"600",0,1,1
"601",0,1,1
"602",1,1,1
"603",0,0,1
"604",0,0,1
"605",0,0,1
"606",0,0,1
"607",0,1,1
"608",0,0,1
"609",1,0,1
"610",1,0,1
"611",1,1,1
"612",0,0,1
"613",0,0,1
"614",0,1,1
"615",0,0,1
"616",1,0,1
"617",1,0,1
"618",0,0,1
"619",0,1,1
"620",1,0,1
"621",0,1,1
"622",0,0,1
"623",0,0,1
"624",0,0,1
"625",1,1,1
"626",1,0,1
"627",1,1,1
"628",0,0,1
"629",1,1,1
"630",1,1,1
"631",0,0,1
"632",0,0,1
"633",1,0,1
"634",0,0,1
"635",0,0,1
"636",0,0,1
"637",1,1,1
"638",0,0,1
"639",0,0,1
"640",0,0,1
"641",0,0,1
"642",0,0,1
"643",1,0,1
"644",0,1,1
"645",0,1,1
"646",1,1,1
"647",1,1,1
"648",0,0,1
"649",0,0,1
"650",1,0,1
"651",0,0,1
"652",0,0,1
"653",0,0,1
"654",1,0,1
"655",1,0,1
"656",0,1,1
"657",0,0,1
"658",0,0,1
"659",0,1,1
"660",1,1,1
"661",0,0,1
"662",0,0,1
"663",0,1,1
"664",1,1,1
"665",0,0,1
"666",1,0,1
"667",0,0,1
"668",0,0,1
"669",0,0,1
"670",0,0,1
"671",1,1,1
"672",0,0,1
"673",0,0,1
"674",0,0,1
"675",0,0,1
"676",0,1,1
"677",0,0,1
"678",0,0,1
"679",1,0,1
"680",0,0,1
"681",0,1,1
"682",0,0,1
"683",0,0,1
"684",0,0,1
"685",0,0,1
"686",0,0,1
"687",1,0,1
"688",1,0,1
"689",0,0,1
"690",1,0,1
"691",1,0,1
"692",0,1,1
"693",1,1,1
"694",0,0,1
"695",0,1,1
"696",0,0,1
"697",0,0,1
"698",0,1,1
"699",0,0,1
"700",0,0,1
"701",0,0,1
"702",0,0,1
"703",0,1,1
"704",0,1,1
"705",1,1,1
"706",1,1,1
"707",1,0,1
"708",1,1,1
"709",0,0,1
"710",1,0,1
"711",0,0,1
"712",0,0,1
"713",0,1,1
"714",0,1,1
"715",0,0,1
"716",1,1,1
"717",1,1,1
"718",1,1,1
"719",0,0,1
"720",0,0,1
"721",0,0,1
"722",1,1,1
"723",1,1,1
"724",0,0,1
"725",1,0,1
"726",0,0,1
"727",0,0,1
"728",0,0,1
"729",1,1,1
"730",1,0,1
"731",1,0,1
"732",0,0,1
"733",1,0,1
"734",0,0,1
"735",1,0,1
"736",1,1,1
"737",0,0,1
"738",0,0,1
"739",0,0,1
"740",0,0,1
"741",0,1,1
"742",1,1,1
"743",0,0,1
"744",1,1,1
"745",0,1,1
"746",1,0,1
"747",1,0,1
"748",1,1,1
"749",1,0,1
"750",1,1,1
"751",0,0,1
"752",0,0,1
"753",0,0,1
"754",0,0,1
"755",0,0,1
"756",1,0,1
"757",1,0,1
"758",0,0,1
"759",1,0,1
"760",1,0,1
"761",0,1,1
"762",0,1,1
"763",0,0,1
"764",1,0,1
"765",0,1,1
"766",1,0,1
"767",0,0,1
"768",1,1,1
"769",0,0,1
"770",1,0,1
"771",1,0,1
"772",1,1,1
"773",1,0,1
"774",1,0,1
"775",0,1,1
"776",0,0,1
"777",0,0,1
"778",0,0,1
"779",1,1,1
"780",0,1,1
"781",1,0,1
"782",0,0,1
"783",0,0,1
"784",0,0,1
"785",0,0,1
"786",0,0,1
"787",0,0,1
"788",1,1,1
"789",0,0,1
"790",1,0,1
"791",0,0,1
"792",0,0,1
"793",1,0,1
"794",0,0,1
"795",1,0,1
"796",0,0,1
"797",0,0,1
"798",0,0,1
"799",0,0,1
"800",1,1,1
"801",1,0,1
"802",0,0,1
"803",0,0,1
"804",1,0,1
"805",1,1,1
"806",1,0,1
"807",0,0,1
"808",0,0,1
"809",1,1,1
"810",0,1,1
"811",0,0,1
"812",0,0,1
"813",0,1,1
"814",0,0,1
"815",1,1,1
"816",0,0,1
"817",1,0,1
"818",0,1,1
"819",1,0,1
"820",0,0,1
"821",1,0,1
"822",0,0,1
"823",1,0,1
"824",1,1,1
"825",1,1,1
"826",1,0,1
"827",0,1,1
"828",1,1,1
"829",0,0,1
"830",0,0,1
"831",0,0,1
"832",1,0,1
"833",1,0,1
"834",1,0,1
"835",0,1,1
"836",0,1,1
"837",1,0,1
"838",0,0,1
"839",0,1,1
"840",1,0,1
"841",0,0,1
"842",0,1,1
"843",0,1,1
"844",0,0,1
"845",0,1,1
"846",1,1,1
"847",0,0,1
"848",0,0,1
"849",0,0,1
"850",0,1,1
"851",1,1,1
"852",0,0,1
"853",1,1,1
"854",0,0,1
"855",0,1,1
"856",0,0,1
"857",0,0,1
"858",1,1,1
"859",0,0,1
"860",0,1,1
"861",0,0,1
"862",0,0,1
"863",0,0,1
"864",0,0,1
"865",0,0,1
"866",1,1,1
"867",1,0,1
"868",0,0,1
"869",0,0,1
"870",0,0,1
"871",0,0,1
"872",1,0,1
"873",1,1,1
"874",1,0,1
"875",0,0,1
"876",0,0,1
"877",0,0,1
"878",1,0,1
"879",0,0,1
"880",0,1,1
"881",0,1,1
"882",0,1,1
"883",0,0,1
"884",0,1,1
"885",0,1,1
"886",0,0,1
"887",0,1,1
"888",1,0,1
"889",0,0,1
"890",0,1,1
"891",1,0,1
"892",0,0,1
"893",1,0,1
"894",1,0,1
"895",1,0,1
"896",0,0,1
"897",1,1,1
"898",0,0,1
"899",1,1,1
"900",0,0,1
"901",0,1,1
"902",0,0,1
"903",1,1,1
"904",0,0,1
"905",0,1,1
"906",0,1,1
"907",1,1,1
"908",1,1,1
"909",0,1,1
"910",0,1,1
"911",1,1,1
"912",1,0,1
"913",0,0,1
"914",0,0,1
"915",1,1,1
"916",0,1,1
"917",0,1,1
"918",1,0,1
"919",0,1,1
"920",1,1,1
"921",1,1,1
"922",0,1,1
"923",1,1,1
"924",0,0,1
"925",1,1,1
"926",0,1,1
"927",0,0,1
"928",1,0,1
"929",0,0,1
"930",0,0,1
"931",0,0,1
"932",0,0,1
"933",0,0,1
"934",0,0,1
"935",0,1,1
"936",0,0,1
"937",0,0,1
"938",1,0,1
"939",1,0,1
"940",1,0,1
"941",0,0,1
"942",1,0,1
"943",0,0,1
"944",0,0,1
"945",0,1,1
"946",0,1,1
"947",1,0,1
"948",1,1,1
"949",1,0,1
"950",0,0,1
"951",0,0,1
"952",0,1,1
"953",0,1,1
"954",0,0,1
"955",1,0,1
"956",0,0,1
"957",0,1,1
"958",0,0,1
"959",0,0,1
"960",0,0,1
"961",0,0,1
"962",0,0,1
"963",0,0,1
"964",0,0,1
"965",1,0,1
"966",1,0,1
"967",1,1,1
"968",0,1,1
"969",1,1,1
"970",1,1,1
"971",0,1,1
"972",0,0,1
"973",0,1,1
"974",0,0,1
"975",0,0,1
"976",0,0,1
"977",1,0,1
"978",1,1,1
"979",0,0,1
"980",0,0,1
"981",0,0,1
"982",1,1,1
"983",0,0,1
"984",0,0,1
"985",0,0,1
"986",1,1,1
"987",0,0,1
"988",1,0,1
"989",0,0,1
"990",0,0,1
"991",1,1,1
"992",0,0,1
"993",0,0,1
"994",1,1,1
"995",1,0,1
"996",1,1,1
"997",0,0,1
"998",0,0,1
"999",0,0,1
"1000",0,1,1
"1001",0,0,1
"1002",0,1,1
"1003",1,0,1
"1004",1,1,1
"1005",0,0,1
"1006",0,0,1
"1007",1,0,1
"1008",1,1,1
"1009",0,0,1
"1010",1,0,1
"1011",0,0,1
"1012",1,1,1
"1013",1,1,1
"1014",1,1,1
"1015",0,0,1
"1016",1,1,1
"1017",0,0,1
"1018",0,0,1
"1019",0,1,1
"1020",0,0,1
"1021",1,0,1
"1022",0,0,1
"1023",0,1,1
"1024",0,0,1
"1025",1,1,1
"1026",0,0,1
"1027",1,0,1
"1028",0,0,1
"1029",0,1,1
"1030",0,0,1
"1031",0,1,1
"1032",1,0,1
"1033",1,0,1
"1034",0,0,1
"1035",0,0,1
"1036",0,1,1
"1037",1,0,1
"1038",0,0,1
"1039",0,1,1
"1040",1,1,1
"1041",1,0,1
"1042",1,0,1
"1043",0,0,1
"1044",0,0,1
"1045",1,0,1
"1046",0,0,1
"1047",0,0,1
"1048",0,0,1
"1049",1,1,1
"1050",1,0,1
"1051",0,0,1
"1052",1,0,1
"1053",0,0,1
"1054",1,0,1
"1055",1,0,1
"1056",1,0,1
"1057",1,1,1
"1058",0,1,1
"1059",0,1,1
"1060",0,0,1
"1061",0,0,1
"1062",0,0,1
"1063",1,1,1
"1064",0,1,1
"1065",1,1,1
"1066",0,1,1
"1067",0,0,1
"1068",0,1,1
"1069",0,0,1
"1070",1,1,1
"1071",0,0,1
"1072",1,0,1
"1073",0,0,1
"1074",1,0,1
"1075",0,0,1
"1076",1,1,1
"1077",0,0,1
"1078",1,0,1
"1079",0,1,1
"1080",1,0,1
"1081",1,0,1
"1082",0,1,1
"1083",1,0,1
"1084",1,0,1
"1085",1,0,1
"1086",1,0,1
"1087",0,0,1
"1088",0,0,1
"1089",0,1,1
"1090",1,0,1
"1091",1,0,1
"1092",0,0,1
"1093",1,0,1
"1094",0,0,1
"1095",0,1,1
"1096",0,1,1
"1097",1,1,1
"1098",0,0,1
"1099",0,0,1
"1100",1,1,1
"1101",0,0,1
"1102",1,1,1
"1103",1,1,1
"1104",0,0,1
"1105",0,0,1
"1106",0,0,1
"1107",0,1,1
"1108",1,1,1
"1109",1,0,1
"1110",0,0,1
"1111",1,0,1
"1112",0,0,1
"1113",0,1,1
"1114",1,1,1
"1115",0,0,1
"1116",1,1,1
"1117",1,1,1
"1118",0,0,1
"1119",1,1,1
"1120",1,0,1
"1121",0,1,1
"1122",0,0,1
"1123",1,1,1
"1124",1,1,1
"1125",1,1,1
"1126",0,1,1
"1127",0,0,1
"1128",0,0,1
"1129",0,0,1
"1130",1,1,1
"1131",1,1,1
"1132",1,0,1
"1133",0,0,1
"1134",0,0,1
"1135",0,1,1
"1136",0,1,1
"1137",1,0,1
"1138",1,1,1
"1139",0,0,1
"1140",0,1,1
"1141",0,0,1
"1142",0,0,1
"1143",1,1,1
"1144",0,0,1
"1145",0,0,1
"1146",1,1,1
"1147",0,1,1
"1148",1,1,1
"1149",0,0,1
"1150",0,0,1
"1151",1,1,1
"1152",1,0,1
"1153",0,1,1
"1154",1,0,1
"1155",1,0,1
"1156",1,1,1
"1157",0,0,1
"1158",1,1,1
"1159",0,0,1
"1160",1,1,1
"1161",1,1,1
"1162",0,0,1
"1163",1,1,1
"1164",1,1,1
"1165",0,0,1
"1166",0,1,1
"1167",0,0,1
"1168",0,0,1
"1169",1,0,1
"1170",1,1,1
"1171",0,0,1
"1172",0,0,1
"1173",1,1,1
"1174",0,0,1
"1175",1,1,1
"1176",0,1,1
"1177",0,1,1
"1178",0,0,1
"1179",0,0,1
"1180",0,1,1
"1181",0,0,1
"1182",0,1,1
"1183",1,1,1
"1184",1,0,1
"1185",0,1,1
"1186",0,0,1
"1187",1,0,1
"1188",0,0,1
"1189",1,1,1
"1190",0,1,1
"1191",1,1,1
"1192",1,0,1
"1193",1,0,1
"1194",0,1,1
"1195",0,1,1
"1196",0,0,1
"1197",0,0,1
"1198",1,1,1
"1199",0,0,1
"1200",0,0,1
"1201",0,0,1
"1202",0,1,1
"1203",0,0,1
"1204",0,0,1
"1205",1,0,1
"1206",1,1,1
"1207",0,0,1
"1208",0,1,1
"1209",0,0,1
"1210",0,1,1
"1211",1,1,1
"1212",0,0,1
"1213",0,0,1
"1214",1,1,1
"1215",0,0,1
"1216",0,0,1
"1217",1,1,1
"1218",0,0,1
"1219",0,0,1
"1220",0,0,1
"1221",0,1,1
"1222",0,0,1
"1223",0,0,1
"1224",0,0,1
"1225",0,0,1
"1226",0,0,1
"1227",1,1,1
"1228",0,0,1
"1229",0,1,1
"1230",1,1,1
"1231",1,1,1
"1232",0,0,1
"1233",1,1,1
"1234",1,0,1
"1235",1,1,1
"1236",0,0,1
"1237",0,0,1
"1238",1,1,1
"1239",0,1,1
"1240",0,0,1
"1241",0,0,1
"1242",1,1,1
"1243",1,1,1
"1244",1,0,1
"1245",1,0,1
"1246",1,1,1
"1247",1,1,1
"1248",0,0,1
"1249",0,0,1
"1250",1,1,1
"1251",1,0,1
"1252",1,1,1
"1253",0,0,1
"1254",0,0,1
"1255",0,0,1
"1256",0,0,1
"1257",0,0,1
"1258",0,0,1
"1259",1,0,1
"1260",0,0,1
"1261",0,0,0
"1262",0,0,0
"1263",0,0,0
"1264",0,0,0
"1265",0,0,0
"1266",0,0,0
"1267",0,0,0
"1268",0,0,0
"1269",0,0,0
"1270",0,0,0
"1271",1,0,0
"1272",0,0,0
"1273",0,0,0
"1274",0,0,0
"1275",0,0,0
"1276",0,0,0
"1277",0,0,0
"1278",0,1,0
"1279",0,0,0
"1280",1,1,0
"1281",0,0,0
"1282",0,0,0
"1283",0,0,0
"1284",0,0,0
"1285",0,0,0
"1286",0,0,0
"1287",0,0,0
"1288",1,1,0
"1289",0,0,0
"1290",0,0,0
"1291",0,0,0
"1292",0,1,0
"1293",1,0,0
"1294",1,0,0
"1295",0,0,0
"1296",0,0,0
"1297",0,0,0
"1298",0,0,0
"1299",0,0,0
"1300",0,0,0
"1301",0,0,0
"1302",1,0,0
"1303",1,0,0
"1304",1,0,0
"1305",0,0,0
"1306",0,0,0
"1307",0,0,0
"1308",0,1,0
"1309",0,1,0
"1310",1,0,0
"1311",0,0,0
"1312",0,0,0
"1313",0,0,0
"1314",0,0,0
"1315",0,1,0
"1316",1,0,0
"1317",0,0,0
"1318",0,0,0
"1319",0,0,0
"1320",0,0,0
"1321",0,0,0
"1322",0,1,0
"1323",0,0,0
"1324",0,0,0
"1325",0,0,0
"1326",0,0,0
"1327",0,0,0
"1328",0,0,0
"1329",0,0,0
"1330",1,0,0
"1331",0,0,0
"1332",0,0,0
"1333",1,1,0
"1334",0,0,0
"1335",0,0,0
"1336",1,0,0
"1337",1,1,0
"1338",1,0,0
"1339",0,0,0
"1340",0,0,0
"1341",0,0,0
"1342",0,0,0
"1343",1,0,0
"1344",0,0,0
"1345",0,0,0
"1346",0,0,0
"1347",0,0,0
"1348",0,0,0
"1349",0,0,0
"1350",0,0,0
"1351",0,0,0
"1352",0,0,0
"1353",1,0,0
"1354",1,1,0
"1355",0,0,0
"1356",0,0,0
"1357",0,0,0
"1358",0,0,0
"1359",0,0,0
"1360",0,0,0
"1361",0,0,0
"1362",0,0,0
"1363",0,0,0
"1364",0,0,0
"1365",1,0,0
"1366",0,0,0
"1367",0,0,0
"1368",1,0,0
"1369",0,0,0
"1370",0,0,0
"1371",0,0,0
"1372",0,0,0
"1373",0,0,0
"1374",0,0,0
"1375",0,0,0
"1376",1,0,0
"1377",0,0,0
"1378",0,0,0
"1379",1,0,0
"1380",0,1,0
"1381",1,1,0
"1382",1,0,0
"1383",0,0,0
"1384",0,0,0
"1385",1,0,0
"1386",1,0,0
"1387",1,0,0
"1388",0,0,0
"1389",0,0,0
"1390",1,0,0
"1391",0,0,0
"1392",1,0,0
"1393",0,0,0
"1394",0,0,0
"1395",0,0,0
"1396",0,0,0
"1397",0,0,0
"1398",0,0,0
"1399",0,0,0
"1400",1,0,0
"1401",0,0,0
"1402",0,0,0
"1403",0,0,0
"1404",1,1,0
"1405",0,0,0
"1406",1,1,0
"1407",0,0,0
"1408",0,1,0
"1409",0,0,0
"1410",1,0,0
"1411",0,0,0
"1412",0,0,0
"1413",0,0,0
"1414",1,0,0
"1415",0,0,0
"1416",0,0,0
"1417",1,0,0
"1418",0,0,0
"1419",0,0,0
"1420",0,0,0
"1421",0,0,0
"1422",0,0,0
"1423",0,0,0
"1424",0,0,0
"1425",0,0,0
"1426",0,0,0
"1427",0,1,0
"1428",0,1,0
"1429",0,0,0
"1430",0,0,0
"1431",1,0,0
"1432",1,0,0
"1433",0,0,0
"1434",1,0,0
"1435",0,0,0
"1436",0,0,0
"1437",0,1,0
"1438",1,0,0
"1439",0,0,0
"1440",0,0,0
"1441",0,0,0
"1442",0,0,0
"1443",0,0,0
"1444",0,0,0
"1445",1,0,0
"1446",0,0,0
"1447",0,0,0
"1448",0,0,0
"1449",0,0,0
"1450",1,0,0
"1451",0,0,0
"1452",0,0,0
"1453",0,0,0
"1454",0,0,0
"1455",1,0,0
"1456",0,0,0
"1457",0,1,0
"1458",0,0,0
"1459",0,0,0
"1460",0,0,0
"1461",0,0,0
"1462",0,0,0
"1463",0,0,0
"1464",0,0,0
"1465",0,0,0
"1466",0,0,0
"1467",0,0,0
"1468",0,0,0
"1469",0,0,0
"1470",0,0,0
"1471",0,0,0
"1472",0,0,0
"1473",0,0,0
"1474",0,0,0
"1475",1,0,0
"1476",0,0,0
"1477",0,0,0
"1478",0,1,0
"1479",0,0,0
"1480",1,0,0
"1481",0,0,0
"1482",0,0,0
"1483",1,0,0
"1484",0,0,0
"1485",1,0,0
"1486",1,0,0
"1487",0,0,0
"1488",0,0,0
"1489",0,0,0
"1490",0,0,0
"1491",1,0,0
"1492",0,0,0
"1493",0,0,0
"1494",0,0,0
"1495",0,0,0
"1496",0,0,0
"1497",0,0,0
"1498",0,0,0
"1499",0,0,0
"1500",0,0,0
"1501",1,1,0
"1502",0,0,0
"1503",0,0,0
"1504",0,0,0
"1505",0,0,0
"1506",1,1,0
"1507",0,0,0
"1508",0,0,0
"1509",0,0,0
"1510",1,1,0
"1511",0,0,0
"1512",1,0,0
"1513",0,1,0
"1514",0,0,0
"1515",0,0,0
"1516",0,0,0
"1517",0,0,0
"1518",0,0,0
"1519",0,0,0
"1520",0,0,0
"1521",0,0,0
"1522",0,0,0
"1523",0,0,0
"1524",0,1,0
"1525",0,0,0
"1526",0,0,0
"1527",0,0,0
"1528",0,0,0
"1529",0,0,0
"1530",0,0,0
"1531",0,0,0
"1532",0,0,0
"1533",0,0,0
"1534",0,0,0
"1535",0,0,0
"1536",1,0,0
"1537",0,0,0
"1538",0,0,0
"1539",0,0,0
"1540",0,0,0
"1541",0,0,0
"1542",0,0,0
"1543",0,0,0
"1544",0,0,0
"1545",0,0,0
"1546",0,0,0
"1547",0,0,0
"1548",1,0,0
"1549",0,0,0
"1550",0,0,0
"1551",0,0,0
"1552",0,0,0
"1553",1,0,0
"1554",0,0,0
"1555",0,1,0
"1556",0,0,0
"1557",0,0,0
"1558",0,0,0
"1559",0,0,0
"1560",0,0,0
"1561",0,0,0
"1562",0,0,0
"1563",0,0,0
"1564",0,1,0
"1565",0,0,0
"1566",0,0,0
"1567",1,1,0
"1568",0,0,0
"1569",0,0,0
"1570",0,0,0
"1571",1,0,0
"1572",0,0,0
"1573",0,0,0
"1574",0,0,0
"1575",0,0,0
"1576",0,0,0
"1577",0,0,0
"1578",0,1,0
"1579",0,0,0
"1580",0,0,0
"1581",0,0,0
"1582",0,0,0
"1583",0,0,0
"1584",0,0,0
"1585",0,0,0
"1586",0,0,0
"1587",0,0,0
"1588",0,0,0
"1589",0,0,0
"1590",0,0,0
"1591",0,0,0
"1592",0,0,0
"1593",0,0,0
"1594",1,1,0
"1595",0,0,0
"1596",1,1,0
"1597",0,0,0
"1598",0,0,0
"1599",0,0,0
"1600",1,0,0
"1601",0,0,0
"1602",0,0,0
"1603",0,0,0
"1604",0,0,0
"1605",0,0,0
"1606",0,0,0
"1607",0,0,0
"1608",1,1,0
"1609",0,0,0
"1610",0,1,0
"1611",0,0,0
"1612",0,1,0
"1613",1,1,0
"1614",0,0,0
"1615",0,0,0
"1616",1,1,0
"1617",0,0,0
"1618",1,0,0
"1619",0,0,0
"1620",1,0,0
"1621",0,0,0
"1622",0,0,0
"1623",0,0,0
"1624",0,0,0
"1625",0,0,0
"1626",0,0,0
"1627",1,0,0
"1628",1,0,0
"1629",1,0,0
"1630",0,0,0
"1631",0,0,0
"1632",0,0,0
"1633",0,0,0
"1634",1,0,0
"1635",0,0,0
"1636",1,1,0
"1637",0,0,0
"1638",0,0,0
"1639",0,0,0
"1640",0,0,0
"1641",0,0,0
"1642",0,0,0
"1643",0,0,0
"1644",0,0,0
"1645",0,0,0
"1646",0,1,0
"1647",0,0,0
"1648",0,0,0
"1649",0,1,0
"1650",0,0,0
"1651",0,0,0
"1652",0,0,0
"1653",0,0,0
"1654",1,1,0
"1655",0,0,0
"1656",0,0,0
"1657",0,0,0
"1658",0,0,0
"1659",1,0,0
"1660",0,0,0
"1661",0,0,0
"1662",0,0,0
"1663",0,0,0
"1664",0,0,0
"1665",0,0,0
"1666",0,0,0
"1667",0,0,0
"1668",0,0,0
"1669",0,0,0
"1670",1,0,0
"1671",1,0,0
"1672",1,0,0
"1673",0,0,0
"1674",0,0,0
"1675",0,0,0
"1676",0,0,0
"1677",0,0,0
"1678",0,0,0
"1679",1,0,0
"1680",0,0,0
"1681",0,0,0
"1682",1,0,0
"1683",0,0,0
"1684",0,0,0
"1685",0,1,0
"1686",0,0,0
"1687",0,0,0
"1688",0,0,0
"1689",1,0,0
"1690",0,0,0
"1691",1,0,0
"1692",1,1,0
"1693",1,0,0
"1694",1,0,0
"1695",0,0,0
"1696",0,0,0
"1697",0,0,0
"1698",0,0,0
"1699",1,0,0
"1700",0,0,0
"1701",0,0,0
"1702",0,0,0
"1703",0,0,0
"1704",0,0,0
"1705",0,0,0
"1706",0,0,0
"1707",0,0,0
"1708",0,0,0
"1709",1,0,0
"1710",1,1,0
"1711",0,0,0
"1712",1,0,0
"1713",0,1,0
"1714",0,0,0
"1715",0,0,0
"1716",0,0,0
"1717",0,0,0
"1718",0,0,0
"1719",0,0,0
"1720",0,1,0
"1721",0,0,0
"1722",0,0,0
"1723",1,0,0
"1724",0,0,0
"1725",0,0,0
"1726",0,0,0
"1727",0,0,0
"1728",0,0,0
"1729",0,0,0
"1730",0,0,0
"1731",0,0,0
"1732",0,0,0
"1733",0,0,0
"1734",0,0,0
"1735",0,0,0
"1736",0,1,0
"1737",0,0,0
"1738",1,0,0
"1739",0,0,0
"1740",0,0,0
"1741",0,0,0
"1742",0,0,0
"1743",1,0,0
"1744",0,0,0
"1745",1,0,0
"1746",0,0,0
"1747",0,0,0
"1748",1,1,0
"1749",0,0,0
"1750",1,0,0
"1751",0,0,0
"1752",0,0,0
"1753",0,1,0
"1754",0,0,0
"1755",1,0,0
"1756",0,0,0
"1757",0,1,0
"1758",0,0,0
"1759",0,0,0
"1760",0,0,0
"1761",0,0,0
"1762",0,0,0
"1763",0,0,0
"1764",0,0,0
"1765",0,0,0
"1766",0,0,0
"1767",0,0,0
"1768",0,0,0
"1769",0,0,0
"1770",0,0,0
"1771",0,0,0
"1772",0,0,0
"1773",0,0,0
"1774",0,1,0
"1775",0,0,0
"1776",0,0,0
"1777",0,0,0
"1778",0,0,0
"1779",0,0,0
"1780",0,0,0
"1781",0,0,0
"1782",1,1,0
"1783",0,1,0
"1784",1,0,0
"1785",0,0,0
"1786",0,0,0
"1787",0,0,0
"1788",0,0,0
"1789",0,0,0
"1790",0,0,0
"1791",0,0,0
"1792",0,0,0
"1793",0,0,0
"1794",0,0,0
"1795",0,0,0
"1796",1,0,0
"1797",0,0,0
"1798",0,0,0
"1799",0,0,0
"1800",0,0,0
"1801",1,0,0
"1802",0,0,0
"1803",0,0,0
"1804",1,0,0
"1805",0,0,0
"1806",0,1,0
"1807",0,1,0
"1808",0,0,0
"1809",0,0,0
"1810",0,0,0
"1811",0,0,0
"1812",0,0,0
"1813",0,0,0
"1814",0,0,0
"1815",0,0,0
"1816",0,0,0
"1817",0,0,0
"1818",0,0,0
"1819",0,0,0
"1820",0,0,0
"1821",0,0,0
"1822",0,0,0
"1823",0,0,0
"1824",0,0,0
"1825",0,0,0
"1826",0,0,0
"1827",1,0,0
"1828",0,1,0
"1829",1,0,0
"1830",0,0,0
"1831",0,0,0
"1832",0,1,0
"1833",0,0,0
"1834",0,0,0
"1835",0,0,0
"1836",0,0,0
"1837",0,0,0
"1838",0,0,0
"1839",0,1,0
"1840",0,0,0
"1841",0,0,0
"1842",0,1,0
"1843",0,0,0
"1844",0,1,0
"1845",0,1,0
"1846",0,0,0
"1847",0,0,0
"1848",0,0,0
"1849",0,0,0
"1850",0,0,0
"1851",0,0,0
"1852",0,0,0
"1853",0,0,0
"1854",0,0,0
"1855",0,0,0
"1856",0,0,0
"1857",0,0,0
"1858",0,0,0
"1859",0,1,0
"1860",0,0,0
"1861",1,0,0
"1862",1,0,0
"1863",0,0,0
"1864",0,0,0
"1865",0,0,0
"1866",0,0,0
"1867",0,0,0
"1868",0,0,0
"1869",0,0,0
"1870",1,1,0
"1871",0,0,0
"1872",1,1,0
"1873",0,0,0
"1874",0,0,0
"1875",1,1,0
"1876",1,0,0
"1877",0,0,0
"1878",0,0,0
"1879",0,0,0
"1880",0,0,0
"1881",0,0,0
"1882",0,0,0
"1883",0,0,0
"1884",0,0,0
"1885",0,0,0
"1886",0,0,0
"1887",0,0,0
"1888",0,0,0
"1889",0,0,0
"1890",0,0,0
"1891",0,0,0
"1892",0,0,0
"1893",1,0,0
"1894",0,0,0
"1895",0,0,0
"1896",0,0,0
"1897",0,0,0
"1898",0,0,0
"1899",0,0,0
"1900",0,0,0
"1901",0,0,0
"1902",1,1,0
"1903",0,0,0
"1904",0,0,0
"1905",0,0,0
"1906",0,0,0
"1907",0,0,0
"1908",0,0,0
"1909",0,0,0
"1910",0,0,0
"1911",0,1,0
"1912",0,0,0
"1913",0,0,0
"1914",0,0,0
"1915",0,0,0
"1916",0,0,0
"1917",0,0,0
"1918",0,1,0
"1919",1,1,0
"1920",0,0,0
"1921",0,1,0
"1922",0,0,0
"1923",0,0,0
"1924",0,0,0
"1925",0,0,0
"1926",0,0,0
"1927",0,0,0
"1928",0,0,0
"1929",0,0,0
"1930",0,1,0
"1931",0,0,0
"1932",0,0,0
"1933",0,0,0
"1934",0,0,0
"1935",0,0,0
"1936",0,0,0
"1937",0,0,0
"1938",0,0,0
"1939",1,0,0
"1940",0,0,0
"1941",1,0,0
"1942",0,1,0
"1943",0,0,0
"1944",0,0,0
"1945",0,0,0
"1946",0,0,0
"1947",0,0,0
"1948",0,0,0
"1949",0,0,0
"1950",0,0,0
"1951",0,0,0
"1952",0,0,0
"1953",0,0,0
"1954",1,0,0
"1955",0,0,0
"1956",1,0,0
"1957",0,0,0
"1958",0,0,0
"1959",0,0,0
"1960",0,0,0
"1961",0,0,0
"1962",0,0,0
"1963",1,0,0
"1964",0,0,0
"1965",0,0,0
"1966",0,0,0
"1967",0,0,0
"1968",0,0,0
"1969",0,0,0
"1970",0,0,0
"1971",1,0,0
"1972",0,0,0
"1973",0,0,0
"1974",0,0,0
"1975",0,0,0
"1976",0,0,0
"1977",1,0,0
"1978",0,0,0
"1979",0,0,0
"1980",0,0,0
"1981",1,0,0
"1982",0,0,0
"1983",0,1,0
"1984",1,1,0
"1985",0,1,0
"1986",0,0,0
"1987",0,0,0
"1988",0,0,0
"1989",0,0,0
"1990",0,0,0
"1991",0,0,0
"1992",0,1,0
"1993",1,0,0
"1994",0,0,0
"1995",0,0,0
"1996",0,0,0
"1997",0,0,0
"1998",0,0,0
"1999",0,0,0
"2000",1,0,0
"2001",1,1,0
"2002",1,0,0
"2003",0,0,0
"2004",0,0,0
"2005",0,0,0
"2006",0,0,0
"2007",0,0,0
"2008",0,0,0
"2009",0,0,0
"2010",0,0,0
"2011",0,0,0
"2012",1,0,0
"2013",1,0,0
"2014",0,0,0
"2015",1,0,0
"2016",1,0,0
"2017",0,0,0
"2018",0,0,0
"2019",1,1,0
"2020",0,0,0
"2021",0,0,0
"2022",0,0,0
"2023",0,0,0
"2024",0,0,0
"2025",0,0,0
"2026",0,0,0
"2027",0,0,0
"2028",0,0,0
"2029",0,0,0
"2030",0,0,0
"2031",0,0,0
"2032",0,1,0
"2033",0,0,0
"2034",0,0,0
"2035",0,0,0
"2036",0,1,0
"2037",0,0,0
"2038",1,0,0
"2039",0,0,0
"2040",0,0,0
"2041",0,0,0
"2042",0,0,0
"2043",0,0,0
"2044",1,1,0
"2045",1,0,0
"2046",0,0,0
"2047",0,0,0
"2048",0,1,0
"2049",0,0,0
"2050",0,0,0
"2051",0,0,0
"2052",0,0,0
"2053",0,0,0
"2054",0,0,0
"2055",0,0,0
"2056",0,0,0
"2057",0,0,0
"2058",0,0,0
"2059",0,0,0
"2060",1,0,0
"2061",0,0,0
"2062",0,0,0
"2063",1,0,0
"2064",1,0,0
"2065",1,0,0
"2066",1,0,0
"2067",0,0,0
"2068",0,0,0
"2069",0,0,0
"2070",0,0,0
"2071",0,0,0
"2072",0,0,0
"2073",0,0,0
"2074",0,0,0
"2075",0,0,0
"2076",0,0,0
"2077",0,0,0
"2078",0,0,0
"2079",1,0,0
"2080",0,0,0
"2081",0,0,0
"2082",0,0,0
"2083",0,0,0
"2084",0,0,0
"2085",0,0,0
"2086",0,0,0
"2087",1,0,0
"2088",0,0,0
"2089",0,0,0
"2090",0,0,0
"2091",0,0,0
"2092",0,0,0
"2093",0,0,0
"2094",0,0,0
"2095",0,0,0
"2096",0,0,0
"2097",0,0,0
"2098",0,0,0
"2099",0,0,0
"2100",1,1,0
"2101",0,0,0
"2102",1,1,0
"2103",0,0,0
"2104",0,0,0
"2105",0,0,0
"2106",0,1,0
"2107",0,0,0
"2108",0,0,0
"2109",0,0,0
"2110",1,0,0
"2111",0,0,0
"2112",0,0,0
"2113",0,0,0
"2114",0,0,0
"2115",1,0,0
"2116",0,0,0
"2117",1,0,0
"2118",0,0,0
"2119",1,0,0
"2120",1,0,0
"2121",1,1,0
"2122",0,1,0
"2123",0,0,0
"2124",0,0,0
"2125",0,0,0
"2126",0,0,0
"2127",0,0,0
"2128",0,0,0
"2129",0,0,0
"2130",0,0,0
"2131",0,0,0
"2132",0,0,0
"2133",0,0,0
"2134",0,0,0
"2135",0,0,0
"2136",0,0,0
"2137",0,0,0
"2138",1,0,0
"2139",0,0,0
"2140",0,0,0
"2141",0,0,0
"2142",0,0,0
"2143",0,0,0
"2144",0,0,0
"2145",0,0,0
"2146",0,0,0
"2147",0,0,0
"2148",0,0,0
"2149",0,0,0
"2150",0,0,0
"2151",0,0,0
"2152",0,0,0
"2153",0,0,0
"2154",0,0,0
"2155",0,0,0
"2156",0,0,0
"2157",1,0,0
"2158",0,0,0
"2159",0,0,0
"2160",0,1,0
"2161",0,0,0
"2162",1,0,0
"2163",0,0,0
"2164",0,0,0
"2165",0,1,0
"2166",0,0,0
"2167",0,0,0
"2168",0,0,0
"2169",1,0,0
"2170",0,1,0
"2171",0,1,0
"2172",0,1,0
"2173",0,0,0
"2174",0,0,0
"2175",1,0,0
"2176",1,0,0
"2177",0,0,0
"2178",0,0,0
"2179",0,1,0
"2180",0,1,0
"2181",0,1,0
"2182",0,0,0
"2183",0,0,0
"2184",0,1,0
"2185",0,1,0
"2186",1,0,0
"2187",0,1,0
"2188",0,0,0
"2189",0,1,0
"2190",0,1,0
"2191",0,0,0
"2192",0,0,0
"2193",0,0,0
"2194",0,1,0
"2195",0,1,0
"2196",0,1,0
"2197",0,1,0
"2198",0,1,0
"2199",0,0,0
"2200",0,0,0
"2201",0,1,0
"2202",0,1,0
"2203",0,1,0
"2204",0,1,0
"2205",0,1,0
"2206",0,1,0
"2207",0,0,0
"2208",0,1,0
"2209",0,1,0
"2210",0,1,0
"2211",0,1,0
"2212",0,1,0
"2213",0,1,0
"2214",0,0,0
"2215",0,0,0
"2216",0,0,0
"2217",0,0,0
"2218",0,1,0
"2219",0,0,0
"2220",0,1,0
"2221",0,1,0
"2222",0,0,0
"2223",0,0,0
"2224",1,0,0
"2225",0,0,0
"2226",1,0,0
"2227",0,0,0
"2228",1,0,0
"2229",0,0,0
"2230",0,0,0
"2231",0,0,0
"2232",0,0,0
"2233",0,0,0
"2234",0,0,0
"2235",0,0,0
"2236",0,0,0
"2237",0,0,0
"2238",1,0,0
"2239",0,0,0
"2240",0,0,0
"2241",0,1,0
"2242",0,0,0
"2243",0,0,0
"2244",1,1,0
"2245",0,0,0
"2246",0,0,0
"2247",0,0,0
"2248",0,0,0
"2249",0,0,0
"2250",1,0,0
"2251",0,0,0
"2252",0,0,0
"2253",0,0,0
"2254",1,1,0
"2255",0,0,0
"2256",1,1,0
"2257",1,0,0
"2258",0,0,0
"2259",0,0,0
"2260",0,0,0
"2261",1,1,0
"2262",0,0,0
"2263",0,0,0
"2264",0,0,0
"2265",0,0,0
"2266",0,0,0
"2267",1,0,0
"2268",0,0,0
"2269",0,0,0
"2270",0,0,0
"2271",0,0,0
"2272",0,0,0
"2273",0,0,0
"2274",0,0,0
"2275",1,0,0
"2276",0,0,0
"2277",0,0,0
"2278",0,0,0
"2279",0,0,0
"2280",0,0,0
"2281",1,1,0
"2282",0,0,0
"2283",0,0,0
"2284",0,0,0
"2285",0,0,0
"2286",0,0,0
"2287",0,1,0
"2288",1,0,0
"2289",0,0,0
"2290",1,0,0
"2291",0,0,0
"2292",0,1,0
"2293",1,0,0
"2294",0,0,0
"2295",0,0,0
"2296",0,0,0
"2297",0,0,0
"2298",0,0,0
"2299",0,0,0
"2300",0,0,0
"2301",0,0,0
"2302",0,0,0
"2303",0,0,0
"2304",1,0,0
"2305",1,0,0
"2306",0,0,0
"2307",1,0,0
"2308",0,0,0
"2309",1,1,0
"2310",0,0,0
"2311",1,0,0
"2312",0,0,0
"2313",1,0,0
"2314",0,0,0
"2315",0,0,0
"2316",0,0,0
"2317",0,0,0
"2318",0,0,0
"2319",0,0,0
"2320",0,0,0
"2321",0,0,0
"2322",0,0,0
"2323",0,0,0
"2324",0,0,0
"2325",0,0,0
"2326",1,1,0
"2327",0,0,0
"2328",0,0,0
"2329",0,0,0
"2330",0,0,0
"2331",0,0,0
"2332",0,0,0
"2333",0,0,0
"2334",0,0,0
"2335",0,0,0
"2336",0,0,0
"2337",0,0,0
"2338",0,0,0
"2339",0,0,0
"2340",0,0,0
"2341",0,0,0
"2342",0,0,0
"2343",0,0,0
"2344",0,0,0
"2345",0,1,0
"2346",0,0,0
"2347",0,0,0
"2348",1,0,0
"2349",0,1,0
"2350",0,0,0
"2351",0,0,0
"2352",0,0,0
"2353",0,0,0
"2354",0,0,0
"2355",0,0,0
"2356",0,0,0
"2357",0,0,0
"2358",0,0,0
"2359",0,0,0
"2360",0,0,0
"2361",0,0,0
"2362",0,0,0
"2363",0,0,0
"2364",0,0,0
"2365",0,0,0
"2366",0,0,0
"2367",0,0,0
"2368",0,0,0
"2369",0,0,0
"2370",1,1,0
"2371",1,0,0
"2372",1,0,0
"2373",0,0,0
"2374",0,0,0
"2375",0,0,0
"2376",1,0,0
"2377",0,0,0
"2378",0,0,0
"2379",1,0,0
"2380",0,0,0
"2381",0,1,0
"2382",0,0,0
"2383",0,0,0
"2384",1,0,0
"2385",0,0,0
"2386",0,0,0
"2387",0,0,0
"2388",0,0,0
"2389",0,0,0
"2390",0,1,0
"2391",0,0,0
"2392",0,0,0
"2393",0,0,0
"2394",1,0,0
"2395",0,0,0
"2396",0,0,0
"2397",0,0,0
"2398",0,0,0
"2399",0,0,0
"2400",0,0,0
"2401",0,0,0
"2402",0,0,0
"2403",0,0,0
"2404",0,0,0
"2405",0,0,0
"2406",0,0,0
"2407",1,0,0
"2408",0,0,0
"2409",0,0,0
"2410",1,0,0
"2411",0,0,0
"2412",0,0,0
"2413",0,0,0
"2414",0,0,0
"2415",1,0,0
"2416",0,0,0
"2417",0,1,0
"2418",0,0,0
"2419",1,0,0
"2420",0,0,0
"2421",0,0,0
"2422",0,0,0
"2423",0,0,0
"2424",1,0,0
"2425",1,0,0
"2426",0,0,0
"2427",0,0,0
"2428",0,0,0
"2429",0,0,0
"2430",0,0,0
"2431",0,0,0
"2432",0,0,0
"2433",1,0,0
"2434",0,0,0
"2435",0,0,0
"2436",1,1,0
"2437",0,0,0
"2438",0,0,0
"2439",0,0,0
"2440",0,0,0
"2441",0,0,0
"2442",0,0,0
"2443",0,0,0
"2444",0,0,0
"2445",0,0,0
"2446",0,0,0
"2447",0,0,0
"2448",0,0,0
"2449",0,0,0
"2450",0,0,0
"2451",0,0,0
"2452",0,0,0
"2453",0,0,0
"2454",0,0,0
"2455",0,0,0
"2456",0,0,0
"2457",0,0,0
"2458",0,0,0
"2459",0,0,0
"2460",0,0,0
"2461",0,1,0
"2462",1,0,0
"2463",0,0,0
"2464",1,1,0
"2465",0,0,0
"2466",1,0,0
"2467",0,0,0
"2468",1,0,0
"2469",0,0,0
"2470",0,0,0
"2471",0,0,0
"2472",0,0,0
"2473",0,0,0
"2474",0,0,0
"2475",1,1,0
"2476",0,0,0
"2477",0,0,0
"2478",0,0,0
"2479",1,0,0
"2480",0,0,0
"2481",0,0,0
"2482",0,0,0
"2483",0,0,0
"2484",1,0,0
"2485",1,1,0
"2486",0,0,0
"2487",0,0,0
"2488",0,0,0
"2489",0,1,0
"2490",0,0,0
"2491",0,0,0
"2492",0,0,0
"2493",0,0,0
"2494",0,0,0
"2495",0,0,0
"2496",0,0,0
"2497",0,0,0
"2498",0,0,0
"2499",0,0,0
"2500",0,0,0
"2501",0,0,0
"2502",0,0,0
"2503",1,0,0
"2504",0,0,0
"2505",0,1,0
"2506",0,0,0
"2507",1,0,0
"2508",0,0,0
"2509",0,0,0
"2510",0,0,0
"2511",0,0,0
"2512",0,0,0
"2513",0,0,0
"2514",0,0,0
"2515",0,0,0
"2516",0,0,0
"2517",0,0,0
"2518",0,0,0
"2519",0,0,0
"2520",0,0,0
"2521",0,0,0
"2522",0,0,0
"2523",0,0,0
"2524",0,0,0
"2525",0,0,0
"2526",0,0,0
"2527",0,0,0
"2528",0,0,0
"2529",0,0,0
"2530",0,0,0
"2531",0,0,0
"2532",0,0,0
"2533",0,0,0
"2534",0,0,0
"2535",0,0,0
"2536",0,0,0
"2537",0,0,0
"2538",0,0,0
"2539",0,0,0
"2540",0,0,0
"2541",0,0,0
"2542",0,0,0
"2543",0,0,0
"2544",0,0,0
"2545",0,0,0
"2546",0,0,0
"2547",0,0,0
"2548",0,0,0
"2549",0,0,0
"2550",0,0,0
"2551",0,0,0
"2552",0,0,0
"2553",0,0,0
"2554",0,0,0
"2555",0,0,0
"2556",0,0,0
"2557",0,0,0
"2558",0,0,0
"2559",0,0,0
"2560",0,0,0
"2561",0,0,0
"2562",0,0,0
"2563",0,0,0
"2564",0,0,0
"2565",0,0,0
"2566",0,0,0
"2567",0,0,0
"2568",0,0,0
"2569",0,0,0
"2570",0,0,0
"2571",0,0,0
"2572",0,0,0
"2573",0,0,0
"2574",0,0,0
"2575",0,0,0
"2576",0,0,0
"2577",0,0,0
"2578",0,0,0
"2579",0,0,0
"2580",0,0,0
"2581",0,0,0
"2582",0,0,0
"2583",0,0,0
"2584",0,0,0
"2585",0,0,0
"2586",0,0,0
"2587",0,0,0
"2588",0,0,0
"2589",0,0,0
"2590",0,0,0
"2591",0,0,0
"2592",0,0,0
"2593",0,1,0
"2594",0,0,0
"2595",0,0,0
"2596",0,0,0
"2597",0,0,0
"2598",0,0,0
"2599",0,0,0
"2600",0,0,0
"2601",0,0,0
"2602",0,0,0
"2603",1,0,0
"2604",1,0,0
"2605",1,0,0
"2606",0,0,0
"2607",1,0,0
"2608",0,0,0
"2609",0,0,0
"2610",0,0,0
"2611",1,0,0
"2612",0,0,0
"2613",0,0,0
"2614",0,0,0
"2615",0,1,0
"2616",0,0,0
"2617",0,0,0
"2618",0,0,0
"2619",0,0,0
"2620",1,0,0
"2621",0,0,0
"2622",0,0,0
"2623",0,0,0
"2624",0,0,0
"2625",0,0,0
"2626",0,0,0
"2627",0,0,0
"2628",0,0,0
"2629",0,0,0
"2630",0,0,0
"2631",0,0,0
"2632",0,0,0
"2633",0,0,0
"2634",0,0,0
"2635",0,0,0
"2636",0,0,0
"2637",0,1,0
"2638",0,0,0
"2639",0,0,0
"2640",0,0,0
"2641",0,0,0
"2642",0,0,0
"2643",0,0,0
"2644",0,0,0
"2645",1,0,0
"2646",0,0,0
"2647",0,0,0
"2648",1,0,0
"2649",0,1,0
"2650",0,0,0
"2651",1,0,0
"2652",0,0,0
"2653",0,0,0
"2654",0,0,0
"2655",0,0,0
"2656",0,0,0
"2657",0,0,0
"2658",0,0,0
"2659",0,0,0
"2660",0,0,0
"2661",0,0,0
"2662",0,0,0
"2663",0,0,0
"2664",0,0,0
"2665",0,0,0
"2666",0,0,0
"2667",0,0,0
"2668",0,0,0
"2669",0,0,0
"2670",0,0,0
"2671",0,0,0
"2672",0,0,0
"2673",0,0,0
"2674",0,0,0
"2675",1,0,0
"2676",0,0,0
"2677",0,0,0
"2678",0,0,0
"2679",0,0,0
"2680",0,1,0
"2681",0,0,0
"2682",0,1,0
"2683",0,0,0
"2684",0,0,0
"2685",0,0,0
"2686",0,0,0
"2687",0,0,0
"2688",0,0,0
"2689",0,0,0
"2690",0,0,0
"2691",0,0,0
"2692",0,0,0
"2693",0,0,0
"2694",0,0,0
"2695",0,0,0
"2696",0,0,0
"2697",0,0,0
"2698",0,0,0
"2699",0,0,0
"2700",0,0,0
"2701",0,0,0
"2702",0,0,0
"2703",0,0,0
"2704",0,0,0
"2705",0,0,0
"2706",0,0,0
"2707",0,0,0
"2708",0,0,0
"2709",0,0,0
"2710",0,1,0
"2711",0,0,0
"2712",0,0,0
"2713",0,0,0
"2714",0,0,0
"2715",0,0,0
"2716",0,0,0
"2717",0,0,0
"2718",0,0,0
"2719",0,0,0
"2720",0,0,0
"2721",0,0,0
"2722",0,0,0
"2723",0,0,0
"2724",0,0,0
"2725",0,0,0
"2726",0,0,0
"2727",0,0,0
"2728",0,0,0
"2729",0,0,0
"2730",0,1,0
"2731",0,0,0
"2732",0,0,0
"2733",0,0,0
"2734",0,0,0
"2735",0,0,0
"2736",0,1,0
"2737",0,0,0
"2738",0,0,0
"2739",0,0,0
"2740",0,0,0
"2741",0,0,0
"2742",1,0,0
"2743",0,1,0
"2744",1,0,0
"2745",0,0,0
"2746",0,0,0
"2747",0,0,0
"2748",0,0,0
"2749",1,0,0
"2750",0,0,0
"2751",0,0,0
"2752",0,0,0
"2753",0,0,0
"2754",0,0,0
"2755",0,0,0
"2756",0,0,0
"2757",0,0,0
"2758",0,0,0
"2759",1,0,0
"2760",1,0,0
"2761",1,0,0
"2762",1,0,0
"2763",1,1,0
"2764",1,0,0
"2765",0,0,0
"2766",0,0,0
"2767",1,0,0
"2768",0,0,0
"2769",0,0,0
"2770",1,1,0
"2771",0,0,0
"2772",0,0,0
"2773",0,0,0
"2774",0,0,0
"2775",0,1,0
"2776",0,0,0
"2777",0,0,0
"2778",0,0,0
"2779",0,0,0
"2780",0,0,0
"2781",0,0,0
"2782",0,0,0
"2783",0,0,0
"2784",0,0,0
"2785",0,0,0
"2786",0,0,0
"2787",0,0,0
"2788",0,0,0
"2789",0,0,0
"2790",0,0,0
"2791",0,0,0
"2792",0,0,0
"2793",1,0,0
"2794",1,0,0
"2795",0,1,0
"2796",0,0,0
"2797",0,0,0
"2798",0,0,0
"2799",0,0,0
"2800",0,0,0
"2801",0,0,0
"2802",0,0,0
"2803",0,0,0
"2804",0,1,0
"2805",0,0,0
"2806",0,0,0
"2807",0,0,0
"2808",0,0,0
"2809",0,0,0
"2810",0,0,0
"2811",0,0,0
"2812",0,0,0
"2813",0,0,0
"2814",0,0,0
"2815",0,0,0
"2816",0,0,0
"2817",0,0,0
"2818",0,0,0
"2819",0,0,0
"2820",0,0,0
"2821",0,0,0
"2822",0,0,0
"2823",0,0,0
"2824",0,0,0
"2825",0,0,0
"2826",0,0,0
"2827",1,0,0
"2828",0,0,0
"2829",0,0,0
"2830",0,0,0
"2831",1,0,0
"2832",0,0,0
"2833",1,0,0
"2834",1,0,0
"2835",0,0,0
"2836",0,0,0
"2837",0,0,0
"2838",0,0,0
"2839",0,0,0
"2840",0,0,0
"2841",0,0,0
"2842",0,0,0
"2843",0,0,0
"2844",0,0,0
"2845",1,0,0
"2846",0,0,0
"2847",0,0,0
"2848",1,0,0
"2849",0,0,0
"2850",0,0,0
"2851",0,0,0
"2852",0,0,0
"2853",0,0,0
"2854",0,0,0
"2855",0,0,0
"2856",0,0,0
"2857",0,0,0
"2858",0,0,0
"2859",0,0,0
"2860",0,0,0
"2861",0,0,0
"2862",0,0,0
"2863",1,0,0
"2864",0,0,0
"2865",0,0,0
"2866",0,0,0
"2867",0,0,0
"2868",0,0,0
"2869",0,0,0
"2870",0,0,0
"2871",0,0,0
"2872",0,0,0
"2873",0,0,0
"2874",0,0,0
"2875",0,0,0
"2876",0,0,0
"2877",1,0,0
"2878",0,0,0
"2879",0,0,0
"2880",0,0,0
"2881",1,0,0
"2882",0,0,0
"2883",0,0,0
"2884",0,0,0
"2885",0,0,0
"2886",0,0,0
"2887",0,0,0
"2888",0,0,0
"2889",0,0,0
"2890",0,0,0
"2891",0,0,0
"2892",0,0,0
"2893",0,0,0
"2894",0,0,0
"2895",0,0,0
"2896",0,0,0
"2897",0,0,0
"2898",0,0,0
"2899",0,0,0
"2900",0,0,0
"2901",0,0,0
"2902",0,0,0
"2903",1,1,0
"2904",0,0,0
"2905",0,0,0
"2906",0,0,0
"2907",0,0,0
"2908",1,0,0
"2909",0,0,0
"2910",1,0,0
"2911",0,0,0
"2912",0,0,0
"2913",0,0,0
"2914",0,0,0
"2915",1,0,0
"2916",0,0,0
"2917",0,0,0
"2918",0,1,0
"2919",0,0,0
"2920",0,0,0
"2921",0,0,0
"2922",0,0,0
"2923",0,0,0
"2924",0,0,0
"2925",0,0,0
"2926",0,0,0
"2927",0,0,0
"2928",0,0,0
"2929",0,0,0
"2930",1,0,0
"2931",1,0,0
"2932",0,0,0
"2933",0,0,0
"2934",1,0,0
"2935",0,0,0
"2936",0,0,0
"2937",0,0,0
"2938",0,0,0
"2939",0,0,0
"2940",0,0,0
"2941",0,0,0
"2942",0,0,0
"2943",0,0,0
"2944",1,0,0
"2945",0,0,0
"2946",0,0,0
"2947",0,0,0
"2948",0,0,0
"2949",0,0,0
"2950",0,0,0
"2951",0,0,0
"2952",0,1,0
"2953",0,0,0
"2954",0,0,0
"2955",0,0,0
"2956",0,0,0
"2957",0,0,0
"2958",0,0,0
"2959",0,0,0
"2960",0,0,0
"2961",0,0,0
"2962",1,0,0
"2963",0,0,0
"2964",0,0,0
"2965",0,0,0
"2966",0,0,0
"2967",0,0,0
"2968",0,0,0
"2969",0,0,0
"2970",1,0,0
"2971",0,0,0
"2972",0,0,0
"2973",0,0,0
"2974",0,0,0
"2975",0,0,0
"2976",1,0,0
"2977",0,0,0
"2978",0,0,0
"2979",0,0,0
"2980",0,1,0
"2981",0,0,0
"2982",0,0,0
"2983",0,0,0
"2984",0,0,0
"2985",0,0,0
"2986",0,0,0
"2987",0,0,0
"2988",0,1,0
"2989",0,0,0
"2990",0,1,0
"2991",0,0,0
"2992",0,1,0
"2993",0,1,0
"2994",0,1,0
"2995",0,1,0
"2996",0,0,0
"2997",0,1,0
"2998",0,1,0
"2999",0,1,0
"3000",0,1,0
"3001",1,1,0
"3002",0,1,0
"3003",0,1,0
"3004",0,1,0
"3005",1,0,0
"3006",1,0,0
"3007",0,0,0
"3008",1,0,0
"3009",0,0,0
"3010",0,0,0
"3011",0,1,0
"3012",0,0,0
"3013",0,0,0
"3014",0,1,0
"3015",1,0,0
"3016",1,0,0
"3017",0,0,0
"3018",0,0,0
"3019",0,0,0
"3020",0,0,0
"3021",0,0,0
"3022",0,0,0
"3023",0,0,0
"3024",0,0,0
"3025",0,1,0
"3026",0,1,0
"3027",0,0,0
"3028",0,0,0
"3029",0,0,0
"3030",0,0,0
"3031",0,0,0
"3032",0,0,0
"3033",0,0,0
"3034",0,0,0
"3035",0,0,0
"3036",0,0,0
"3037",0,0,0
"3038",0,0,0
"3039",0,0,0
"3040",0,0,0
"3041",0,1,0
"3042",1,0,0
"3043",1,0,0
"3044",0,0,0
"3045",1,0,0
"3046",0,0,0
"3047",0,0,0
"3048",0,0,0
"3049",0,0,0
"3050",1,0,0
"3051",0,0,0
"3052",0,0,0
"3053",0,0,0
"3054",1,0,0
"3055",0,0,0
"3056",0,1,0
"3057",0,0,0
"3058",1,0,0
"3059",0,0,0
"3060",0,0,0
"3061",0,0,0
"3062",0,0,0
"3063",0,1,0
"3064",0,0,0
"3065",0,1,0
"3066",0,0,0
"3067",0,0,0
"3068",1,0,0
"3069",0,0,0
"3070",1,0,0
"3071",0,0,0
"3072",0,0,0
"3073",0,0,0
"3074",0,1,0
"3075",0,0,0
"3076",0,0,0
"3077",0,1,0
"3078",0,0,0
"3079",0,0,0
"3080",0,0,0
"3081",0,0,0
"3082",0,0,0
"3083",0,0,0
"3084",0,0,0
"3085",0,0,0
"3086",0,0,0
"3087",0,0,0
"3088",1,0,0
"3089",0,1,0
"3090",0,0,0
"3091",0,0,0
"3092",1,0,0
"3093",1,0,0
"3094",0,0,0
"3095",0,0,0
"3096",0,1,0
"3097",0,0,0
"3098",0,0,0
"3099",0,0,0
"3100",0,0,0
"3101",1,0,0
"3102",0,0,0
"3103",0,0,0
"3104",0,0,0
"3105",0,0,0
"3106",0,0,0
"3107",0,0,0
"3108",0,0,0
"3109",0,0,0
"3110",0,0,0
"3111",0,0,0
"3112",0,0,0
"3113",0,0,0
"3114",0,1,0
"3115",0,0,0
"3116",0,0,0
"3117",0,0,0
"3118",0,0,0
"3119",1,0,0
"3120",0,0,0
"3121",0,0,0
"3122",0,0,0
"3123",1,1,0
"3124",1,0,0
"3125",0,0,0
"3126",0,0,0
"3127",0,0,0
"3128",0,0,0
"3129",0,0,0
"3130",0,0,0
"3131",0,0,0
"3132",1,0,0
"3133",1,0,0
"3134",1,0,0
"3135",0,0,0
"3136",0,0,0
"3137",0,0,0
"3138",1,0,0
"3139",1,0,0
"3140",0,0,0
"3141",0,0,0
"3142",0,0,0
"3143",0,0,0
"3144",0,0,0
"3145",0,0,0
"3146",0,0,0
"3147",0,0,0
"3148",1,0,0
"3149",0,0,0
"3150",0,0,0
"3151",0,0,0
"3152",0,0,0
"3153",0,0,0
"3154",1,0,0
"3155",0,0,0
"3156",0,0,0
"3157",0,0,0
"3158",0,0,0
"3159",0,0,0
"3160",0,1,0
"3161",0,1,0
"3162",1,0,0
"3163",0,0,0
"3164",0,0,0
"3165",1,0,0
"3166",0,0,0
"3167",0,0,0
"3168",0,0,0
"3169",0,0,0
"3170",0,0,0
"3171",0,0,0
"3172",0,0,0
"3173",0,0,0
"3174",0,0,0
"3175",0,0,0
"3176",0,0,0
"3177",0,0,0
"3178",0,0,0
"3179",0,0,0
"3180",0,0,0
"3181",0,0,0
"3182",0,0,0
"3183",0,0,0
"3184",0,0,0
"3185",0,0,0
"3186",0,0,0
"3187",1,0,0
"3188",1,0,0
"3189",0,0,0
"3190",1,0,0
"3191",1,0,0
"3192",0,0,0
"3193",0,0,0
"3194",0,0,0
"3195",1,0,0
"3196",1,0,0
"3197",0,0,0
"3198",0,0,0
"3199",0,0,0
"3200",0,0,0
"3201",1,0,0
"3202",0,0,0
"3203",0,0,0
"3204",0,0,0
"3205",1,1,0
"3206",0,0,0
"3207",0,0,0
"3208",0,0,0
"3209",0,0,0
"3210",0,0,0
"3211",0,0,0
"3212",0,0,0
"3213",0,0,0
"3214",0,0,0
"3215",0,0,0
"3216",0,0,0
"3217",0,0,0
"3218",1,0,0
"3219",1,0,0
"3220",1,0,0
"3221",0,0,0
